{
  "src": [
    "assets/sounds.ogg",
    "assets/sounds.m4a",
    "assets/sounds.mp3",
    "assets/sounds.ac3"
  ],
  "sprite": {
    "cry": [
      0,
      1428.684807256236
    ],
    "dead": [
      3000,
      936.0090702947846
    ],
    "hit": [
      5000,
      1108.7755102040812
    ],
    "jump": [
      8000,
      1315.1927437641716
    ],
    "lose": [
      11000,
      3004.1950113378684
    ],
    "music": [
      16000,
      30006.009070294782
    ],
    "recharge": [
      48000,
      1536.417233560094
    ],
    "tap": [
      51000,
      291.65532879818556
    ],
    "wincoin": [
      53000,
      1025.170068027208
    ]
  }
}